combo,fast,slow,default,all_down,all_up,sharpe,cagr,max_dd,spy_cagr,beats_spy_cagr
0,40,160,False,True,False,0.7768925898508028,0.10160884872141107,-0.337172572108114,0.10476586369365792,False
1,40,200,False,False,False,0.7272531264376055,0.09676408961191285,-0.337172572108114,0.10720455620841007,False
2,40,240,False,False,False,0.7366946913502601,0.09933004572782766,-0.337172572108114,0.10420435508164272,False
3,50,160,False,False,False,0.7684274006965961,0.1022592961395472,-0.337172572108114,0.10476586369365792,False
4,50,200,True,False,False,0.7240903251533615,0.0975684674444306,-0.33717257210811413,0.10720455620841007,False
5,50,240,False,False,False,0.7202936038381784,0.0977392314268779,-0.3371725721081138,0.10420435508164272,False
6,60,160,False,False,False,0.6993688574993486,0.09288185183635345,-0.3371725721081139,0.10476586369365792,False
7,60,200,False,False,False,0.7248094258243891,0.09874792506359453,-0.3371725721081137,0.10720455620841007,False
8,60,240,False,False,True,0.6879113211449558,0.09346330775178102,-0.33717257210811424,0.10420435508164272,False
