combo,trend_sma,exit_sma,max_hold,default,all_down,all_up,sharpe,cagr,max_dd,spy_cagr,beats_spy_cagr
0,160,4,8,False,True,False,0.003366224440599435,-0.013890359618477066,-0.6735486126216079,0.10476586369365792,False
1,160,4,10,False,False,False,0.025910898805943845,-0.010235739516486597,-0.6537474895681048,0.10476586369365792,False
2,160,4,12,False,False,False,0.029834085710228334,-0.009540178454046422,-0.6711221545116098,0.10476586369365792,False
3,160,5,8,False,False,False,0.090746179304497,0.0006393071809160933,-0.6259847380884402,0.10476586369365792,False
4,160,5,10,False,False,False,0.14863070845916554,0.010635501573994732,-0.5906598361191191,0.10476586369365792,False
5,160,5,12,False,False,False,0.12075105913201786,0.005674225702524849,-0.6083790183241317,0.10476586369365792,False
6,160,6,8,False,False,False,0.25133331124059066,0.029143928554485,-0.5309280966667255,0.10476586369365792,False
7,160,6,10,False,False,False,0.3367125931941953,0.044823288893200974,-0.42034629945067203,0.10476586369365792,False
8,160,6,12,False,False,False,0.2797682558008527,0.03436303235442639,-0.47142798837118605,0.10476586369365792,False
9,200,4,8,False,False,False,-0.016253411786276407,-0.01756685191060725,-0.7164901273922372,0.10720455620841007,False
10,200,4,10,False,False,False,0.012915783454496847,-0.012741653410064946,-0.7025027977213552,0.10720455620841007,False
11,200,4,12,False,False,False,0.0323604954866148,-0.009342267134800575,-0.6949863197992534,0.10720455620841007,False
12,200,5,8,False,False,False,0.1975269374958792,0.01935272039161684,-0.5417575472620416,0.10720455620841007,False
13,200,5,10,True,False,False,0.20331227264689702,0.02035966855502025,-0.5576089515271132,0.10720455620841007,False
14,200,5,12,False,False,False,0.2157450453972742,0.02262172153231523,-0.5414166350239623,0.10720455620841007,False
15,200,6,8,False,False,False,0.32315964731912805,0.042391853124157164,-0.46399381097580816,0.10720455620841007,False
16,200,6,10,False,False,False,0.4033462889168711,0.05724908810624152,-0.4296870486726031,0.10720455620841007,False
17,200,6,12,False,False,False,0.3532470940964027,0.04819725118539053,-0.49341781037979127,0.10720455620841007,False
18,240,4,8,False,False,False,-0.04256627345903109,-0.022306117426703853,-0.6643852793566416,0.10420435508164272,False
19,240,4,10,False,False,False,-0.003321056583826278,-0.01545031407558084,-0.6141308949277559,0.10420435508164272,False
20,240,4,12,False,False,False,-0.009071489236567918,-0.016339413982279116,-0.624916847922263,0.10420435508164272,False
21,240,5,8,False,False,False,0.05938619782576776,-0.005390529005398159,-0.612036801407895,0.10420435508164272,False
22,240,5,10,False,False,False,0.1112454025272978,0.003842026887887817,-0.5872176246166969,0.10420435508164272,False
23,240,5,12,False,False,False,0.10103121254865058,0.001973093570801554,-0.5853740764314557,0.10420435508164272,False
24,240,6,8,False,False,False,0.23717419699091657,0.026758846682038984,-0.48012618082773095,0.10420435508164272,False
25,240,6,10,False,False,False,0.3099987924349656,0.04023487620633093,-0.4800115437981418,0.10420435508164272,False
26,240,6,12,False,False,True,0.2705879017680518,0.03289665106923123,-0.5129424037910326,0.10420435508164272,False
