combo,entry,exit,atr,default,all_down,all_up,sharpe,cagr,max_dd,spy_cagr,beats_spy_cagr
0,44,16,16,False,True,False,0.34665236416763917,0.03112647272223934,-0.23445425713183243,0.10292737122267015,False
1,44,16,20,False,False,False,0.34665236416763917,0.03112647272223934,-0.23445425713183243,0.10292737122267015,False
2,44,16,24,False,False,False,0.34665236416763917,0.03112647272223934,-0.23445425713183243,0.10292737122267015,False
3,44,20,16,False,False,False,0.5234800728609015,0.05147620081991788,-0.24540069556068866,0.10292737122267015,False
4,44,20,20,False,False,False,0.5235114570569092,0.05146971947807466,-0.24540069556068755,0.10292737122267015,False
5,44,20,24,False,False,False,0.5235555338628274,0.05146054345817874,-0.24540069556068755,0.10292737122267015,False
6,44,24,16,False,False,False,0.5253467080908685,0.051816226458985426,-0.2721479850763109,0.10292737122267015,False
7,44,24,20,False,False,False,0.525374035546476,0.05180986572092339,-0.2721479850763088,0.10292737122267015,False
8,44,24,24,False,False,False,0.5254123619623673,0.05180086047046695,-0.27214798507630844,0.10292737122267015,False
9,55,16,16,False,False,False,0.40853458420674693,0.03713771311978631,-0.23548484750182286,0.10484509753888815,False
10,55,16,20,False,False,False,0.40853939322610633,0.03713142508870204,-0.23548484750182241,0.10484509753888815,False
11,55,16,24,False,False,False,0.4085458945467595,0.03712252277667849,-0.23548484750182253,0.10484509753888815,False
12,55,20,16,False,False,False,0.5672762288443908,0.05555112989694355,-0.2367682531246219,0.10484509753888815,False
13,55,20,20,True,False,False,0.5673112807450021,0.05554488415065295,-0.23676825312462146,0.10484509753888815,False
14,55,20,24,False,False,False,0.5673604825935271,0.055536041732258346,-0.23676825312462202,0.10484509753888815,False
15,55,24,16,False,False,False,0.5702280170802989,0.056463584093234154,-0.25678039062034075,0.10484509753888815,False
16,55,24,20,False,False,False,0.5702617689809457,0.05645730894098011,-0.25678039062034297,0.10484509753888815,False
17,55,24,24,False,False,False,0.5703091363859516,0.05644842488658197,-0.2567803906203401,0.10484509753888815,False
18,66,16,16,False,False,False,0.45534173479403317,0.04066828538526823,-0.2572908357122742,0.10484509753888815,False
19,66,16,20,False,False,False,0.45534173479403317,0.04066828538526823,-0.2572908357122742,0.10484509753888815,False
20,66,16,24,False,False,False,0.45534173479403317,0.04066828538526823,-0.2572908357122742,0.10484509753888815,False
21,66,20,16,False,False,False,0.5906823787552256,0.05580150445424992,-0.26836347170391783,0.10484509753888815,False
22,66,20,20,False,False,False,0.5906823787552256,0.05580150445424992,-0.26836347170391783,0.10484509753888815,False
23,66,20,24,False,False,False,0.5906823787552256,0.05580150445424992,-0.26836347170391783,0.10484509753888815,False
24,66,24,16,False,False,False,0.6253490144399665,0.06092280269070516,-0.27478895691549643,0.10484509753888815,False
25,66,24,20,False,False,False,0.6253490144399665,0.06092280269070516,-0.27478895691549643,0.10484509753888815,False
26,66,24,24,False,False,True,0.6253490144399665,0.06092280269070516,-0.27478895691549643,0.10484509753888815,False
