combo,entry,exit,default,all_down,all_up,sharpe,cagr,max_dd,spy_cagr,beats_spy_cagr
0,44,16,False,True,False,0.32761599123877655,0.044829445227588804,-0.5764156690742906,0.10292737122267015,False
1,44,20,False,False,False,0.5526020681625412,0.090601031975299,-0.5104218425022081,0.10292737122267015,False
2,44,24,False,False,False,0.4522671781580429,0.06910391752946188,-0.50700609982784,0.10292737122267015,False
3,55,16,False,False,False,0.3792579817387389,0.05432354789209093,-0.4658234514941342,0.10508197721662915,False
4,55,20,True,False,False,0.5904299186596721,0.09683962374047783,-0.3916190293098747,0.10508197721662915,False
5,55,24,False,False,False,0.5258559886369171,0.0845234278831748,-0.34488713084789646,0.10508197721662915,False
6,66,16,False,False,False,0.28541687232888,0.03679035928457575,-0.524844513070543,0.10514470424135958,False
7,66,20,False,False,False,0.48420809546009647,0.07484994300650571,-0.3874908607272912,0.10514470424135958,False
8,66,24,False,False,True,0.483906390820592,0.07574619094679624,-0.4167519477493524,0.10514470424135958,False
