combo,lookback,skip,default,all_down,all_up,sharpe,cagr,max_dd,spy_cagr,beats_spy_cagr
0,202,17,False,True,False,0.5477929898143499,0.1018616230922722,-0.5958963001827857,0.10686184926844544,False
1,202,21,False,False,False,0.5278339862879371,0.09813116660619192,-0.5938361672828751,0.10686184926844544,False
2,202,25,False,False,False,0.5687670960352584,0.10800189663734083,-0.5931926375294692,0.10686184926844544,True
3,252,17,False,False,False,0.5261655607692801,0.09721675416540898,-0.5535386241851938,0.10434747874988926,False
4,252,21,True,False,False,0.5171300243136836,0.09553416653510571,-0.5449594343309557,0.10434747874988926,False
5,252,25,False,False,False,0.5059050971302939,0.09260487375353765,-0.554931233979133,0.10434747874988926,False
6,302,17,False,False,False,0.4619581905545872,0.082439506474415,-0.5596781930529127,0.10423262224558827,False
7,302,21,False,False,False,0.45208253239478435,0.08067875716425443,-0.5529484588424485,0.10423262224558827,False
8,302,25,False,False,True,0.45674790839584073,0.08144504234358463,-0.5599554301345733,0.10423262224558827,False
