combo,hold,n_surprises,default,all_down,all_up,sharpe,cagr,max_dd,spy_cagr,beats_spy_cagr
0,48,6,False,True,False,0.7182530586591763,0.08381176186084072,-0.3463552731342808,0.13355324847519934,False
1,48,8,False,False,False,0.8073635343349084,0.09215098996029392,-0.33025973921278795,0.14617477458422878,False
2,48,10,False,False,False,0.801671390107824,0.09264470948730219,-0.337568953990093,0.14140965438787267,False
3,60,6,False,False,False,0.8341871832412996,0.10686963356132928,-0.3439541600781062,0.13355324847519934,False
4,60,8,True,False,False,0.8948271220216045,0.11094367146681217,-0.33202847079932085,0.14617477458422878,False
5,60,10,False,False,False,0.9249473659330095,0.1162620055501411,-0.3362427694909781,0.14140965438787267,False
6,72,6,False,False,False,0.8823843726930785,0.11856851270932856,-0.34437038749220816,0.13355324847519934,False
7,72,8,False,False,False,0.9738563043773147,0.12766231893874092,-0.34444616463063804,0.14617477458422878,False
8,72,10,False,False,True,0.971612755140323,0.12894400076483548,-0.34680078407554293,0.14140965438787267,False
