strategy,test_year,picked,train_sharpe,test_return,spy_return
A1,2016,"{'sma': 160, 'check': 'monthly'}",0.8513567794311319,0.14253561954745475,0.1320162299511065
A1,2017,"{'sma': 160, 'check': 'monthly'}",0.8782894018206744,0.2039740512027206,0.2039740512027206
A1,2018,"{'sma': 160, 'check': 'monthly'}",0.964764580452823,-0.09378613722859608,-0.054559155736005005
A1,2019,"{'sma': 160, 'check': 'monthly'}",0.8245471827902089,0.15591085025722573,0.3191939444512075
A1,2020,"{'sma': 160, 'check': 'monthly'}",0.8526947816084677,-0.06079688728213961,0.1841195905258708
A1,2021,"{'sma': 160, 'check': 'monthly'}",0.6791436920989413,0.3055426687820626,0.3055426687820626
A1,2022,"{'sma': 160, 'check': 'monthly'}",0.753353989347933,-0.2843843461771076,-0.19024204045840676
A1,2023,"{'sma': 160, 'check': 'monthly'}",0.5810007450361299,0.1446869665626711,0.25740196483044864
A1,2024,"{'sma': 160, 'check': 'monthly'}",0.6086421195481104,0.22133707082702347,0.22133707082702347
A2,2016,"{'fast': 40, 'slow': 160}",0.869864032541509,0.036737637040585636,0.1320162299511065
A2,2017,"{'fast': 40, 'slow': 160}",0.8244180149651258,0.2039740512027206,0.2039740512027206
A2,2018,"{'fast': 40, 'slow': 160}",0.9126345753685332,0.03052836609934184,-0.054559155736005005
A2,2019,"{'fast': 40, 'slow': 160}",0.8612277029353835,0.1650275573787876,0.3191939444512075
A2,2020,"{'fast': 40, 'slow': 160}",0.8990979978650007,-0.06718231203536174,0.1841195905258708
A2,2021,"{'fast': 40, 'slow': 160}",0.7326204206415257,0.3055426687820626,0.3055426687820626
A2,2022,"{'fast': 40, 'slow': 160}",0.8060991967919835,-0.20734371242753247,-0.19024204045840676
A2,2023,"{'fast': 40, 'slow': 160}",0.6726000905779814,0.23699469814161933,0.25740196483044864
A2,2024,"{'fast': 40, 'slow': 160}",0.7273462616711315,0.22133707082702347,0.22133707082702347
A3,2016,{'sma': 160},0.5292968068610256,0.010299298603977824,0.1320162299511065
A3,2017,{'sma': 160},0.4997486818446125,0.11020647132053774,0.2039740512027206
A3,2018,{'sma': 160},0.5668387997003544,-0.05066633200965476,-0.054559155736005005
A3,2019,{'sma': 160},0.5013113232824877,0.08232806943694304,0.3191939444512075
A3,2020,{'sma': 160},0.5409304325678704,0.051564391950357,0.1841195905258708
A3,2021,{'sma': 160},0.5388905916020473,0.12743476134902054,0.3055426687820626
A3,2022,{'sma': 160},0.5913529444525429,-0.17879047616778798,-0.19024204045840676
A3,2023,{'sma': 160},0.4349993586085568,0.028171401207528035,0.25740196483044864
A3,2024,{'sma': 160},0.44198092826606494,0.10197599259385148,0.22133707082702347
B,2016,"{'trend_sma': 200, 'exit_sma': 6, 'max_hold': 10}",0.3808624405375726,0.043120662663606035,0.18122448195900454
B,2017,"{'trend_sma': 200, 'exit_sma': 6, 'max_hold': 10}",0.35095470731439893,0.03560255010345004,0.2039740512027206
B,2018,"{'trend_sma': 200, 'exit_sma': 6, 'max_hold': 10}",0.3594185713119626,-0.15588803369416393,-0.054559155736005005
B,2019,"{'trend_sma': 200, 'exit_sma': 6, 'max_hold': 10}",0.2672511668723132,0.08538924426665462,0.3191939444512075
B,2020,"{'trend_sma': 200, 'exit_sma': 6, 'max_hold': 10}",0.29044316311871043,0.12366404744583637,0.1841195905258708
B,2021,"{'trend_sma': 200, 'exit_sma': 6, 'max_hold': 10}",0.31005915397081,0.1864273311584379,0.3055426687820626
B,2022,"{'trend_sma': 200, 'exit_sma': 6, 'max_hold': 10}",0.35861266291871846,-0.012096525153971083,-0.19024204045840676
B,2023,"{'trend_sma': 200, 'exit_sma': 6, 'max_hold': 10}",0.327610057820804,0.11096366595409557,0.25740196483044864
B,2024,"{'trend_sma': 200, 'exit_sma': 6, 'max_hold': 10}",0.3513381128330962,0.23960179902559764,0.22133707082702347
C,2016,"{'entry': 66, 'exit': 24, 'atr': 16}",0.6893696128469313,0.0026267422197823187,0.1680317209842166
C,2017,"{'entry': 66, 'exit': 24, 'atr': 16}",0.6017938772051926,0.060034015693280374,0.20003824910991175
C,2018,"{'entry': 66, 'exit': 24, 'atr': 16}",0.6279408737485043,-0.08467747457517283,-0.021751835760841276
C,2019,"{'entry': 66, 'exit': 24, 'atr': 16}",0.5057212681274252,0.12303541871960189,0.24326473969180706
C,2020,"{'entry': 66, 'exit': 24, 'atr': 16}",0.5667985988776176,0.20367229019947297,0.17726494888052935
C,2021,"{'entry': 66, 'exit': 24, 'atr': 16}",0.6289374979002527,0.04494945742493561,0.2768899462689425
C,2022,"{'entry': 66, 'exit': 24, 'atr': 16}",0.639582624794213,-0.027024214870581265,-0.19024204045840676
C,2023,"{'entry': 66, 'exit': 24, 'atr': 16}",0.5473819911479589,0.1083114504689382,0.2622113007694702
C,2024,"{'entry': 66, 'exit': 24, 'atr': 16}",0.5820527244687184,0.08077370175725185,0.15653209082785002
C_stocks,2016,"{'entry': 55, 'exit': 24}",0.8739210265587197,0.050630035492467584,0.1320162299511065
C_stocks,2017,"{'entry': 55, 'exit': 24}",0.8201126566267233,0.1961183480734794,0.2039740512027206
C_stocks,2018,"{'entry': 55, 'exit': 24}",0.8715939392590547,0.311803265164021,-0.08972328446271005
C_stocks,2019,"{'entry': 55, 'exit': 24}",0.8856106138091845,0.08210166025203058,0.2959101490578375
C_stocks,2020,"{'entry': 55, 'exit': 24}",0.8784592215111892,0.2033076661312323,0.16991285818772206
C_stocks,2021,"{'entry': 55, 'exit': 24}",0.8514451915014135,0.2825200209539762,0.2768899462689425
C_stocks,2022,"{'entry': 55, 'exit': 24}",0.8672331995221692,-0.12283955274272773,-0.15296496593708941
C_stocks,2023,"{'entry': 55, 'exit': 24}",0.8092711784709586,-0.036091314470923286,0.24418692690956934
C_stocks,2024,"{'entry': 55, 'exit': 24}",0.7544825076941394,-0.0390868493304225,0.22655144006205608
D,2016,"{'lookback': 202, 'skip': 21}",0.6412772856109366,0.16728401739141363,0.1320162299511065
D,2017,"{'lookback': 202, 'skip': 17}",0.654388642320035,0.35295196605072743,0.2039740512027206
D,2018,"{'lookback': 202, 'skip': 21}",0.7357854644172251,0.060281673924837964,-0.054559155736005005
D,2019,"{'lookback': 202, 'skip': 17}",0.7142797742751168,0.3846932279114559,0.3191939444512075
D,2020,"{'lookback': 202, 'skip': 17}",0.7781686409466314,0.39577316897900316,0.1841195905258708
D,2021,"{'lookback': 202, 'skip': 17}",0.7974216764427452,0.35485812344845025,0.3055426687820626
D,2022,"{'lookback': 202, 'skip': 17}",0.83117928832777,-0.08081273761397556,-0.19024204045840676
D,2023,"{'lookback': 202, 'skip': 17}",0.7682694932166446,0.31837530364471656,0.25740196483044864
D,2024,"{'lookback': 202, 'skip': 17}",0.7962960263212717,0.4635692110196643,0.22133707082702347
E,2016,"{'hold': 72, 'n_surprises': 10}",1.5791598144655743,0.12400689155821754,0.18122448195900454
E,2017,"{'hold': 72, 'n_surprises': 10}",1.3680041528489997,0.12708197474078187,0.198079745167012
E,2018,"{'hold': 72, 'n_surprises': 10}",1.5608879968354534,-0.00690399876952108,-0.07448310175422324
E,2019,"{'hold': 72, 'n_surprises': 10}",1.2940416552786536,0.07412893937646037,0.2708148759108546
E,2020,"{'hold': 60, 'n_surprises': 10}",1.3526605770676041,0.035903304561519134,0.14462988893710804
E,2021,"{'hold': 72, 'n_surprises': 10}",0.849946612721869,0.19503933211567515,0.27777238967242246
E,2022,"{'hold': 72, 'n_surprises': 10}",0.935062153619361,0.023541300137279952,-0.15858504724420686
E,2023,"{'hold': 72, 'n_surprises': 10}",0.8319334240670939,0.1484309992419206,0.259275668450077
E,2024,"{'hold': 72, 'n_surprises': 10}",0.9032569171820606,0.11555153454630473,0.21760998989187508
F,2016,{'top_frac': 0.16},1.225410058770259,0.11342473406766596,0.1320162299511065
F,2017,{'top_frac': 0.24},1.1895183822127589,0.23556139423221922,0.2039740512027206
F,2018,{'top_frac': 0.24},1.2798713166717304,0.07890083863829278,-0.054559155736005005
F,2019,{'top_frac': 0.24},1.184104838028297,0.3682799750898662,0.3191939444512075
F,2020,{'top_frac': 0.24},1.2828564035668613,0.3268990297741181,0.1841195905258708
F,2021,{'top_frac': 0.16},1.1819976199426594,0.3236207374015827,0.3055426687820626
F,2022,{'top_frac': 0.24},1.2429782815355688,-0.14031333154535253,-0.19024204045840676
F,2023,{'top_frac': 0.16},1.0461732502649093,0.16302766566243743,0.25740196483044864
F,2024,{'top_frac': 0.24},1.0779761115826674,0.194666355713202,0.22133707082702347
