date,strategy,spy
2024-10-03,0.0,0.0
2024-10-04,-0.00029999999999996696,-0.0003986683385670542
2024-10-07,0.002754691134948528,-0.009040482792622595
2024-10-08,-0.007759928142841543,0.009457392082013127
2024-10-09,-0.0016217950419805671,0.006926579822679635
2024-10-10,0.00564380059854086,-0.0017501629417278064
2024-10-11,0.0028390562001814335,0.00598847306726169
2024-10-14,-0.0040015465057180455,0.008178077073415002
2024-10-15,-0.014540192257476381,-0.007769555065161304
2024-10-16,0.0019637435092807465,0.0043464371945425295
2024-10-17,0.0008994802655721834,8.578902633971097e-05
2024-10-18,0.0002704846689403073,0.003846664412038514
2024-10-21,-0.0013872158944718826,-0.0016422990434823426
2024-10-22,0.0034302803221581968,-0.000531107844529144
2024-10-23,-0.003345453364042683,-0.009137468491534073
2024-10-24,-0.0004171646976721677,0.002162771484864212
2024-10-25,0.0011567912729806284,-0.0003452923277402764
2024-10-28,-0.005699995722224682,0.0030914499576457644
2024-10-29,-0.003974705494830477,0.0016182054346847163
2024-10-30,0.0009601363441815725,-0.0030253155780031182
2024-10-31,-0.0005082804372508187,-0.019602890791737937
2024-11-01,-0.0025809364226178078,0.004220307241705523
2024-11-04,0.006111147987627241,-0.002153992650311909
2024-11-05,0.0047459559314646516,0.012092145031659562
2024-11-06,0.010164318503906866,0.024865402858073038
2024-11-07,-0.00010453739059179679,0.007732139566883678
2024-11-08,0.0005601813457247751,0.0043316698038256
2024-11-11,0.005005755687650382,0.000952955482500295
2024-11-12,-0.0053334251850473136,-0.003106436676122093
2024-11-13,-0.0011571946497397345,0.00048582421637033413
2024-11-14,-0.0026391099688972686,-0.006430176239068386
2024-11-15,-0.0064152274326936265,-0.012808454834642324
2024-11-18,0.005772292684573133,0.004097243491332447
2024-11-19,0.00010558745970046246,0.0036554212827906163
2024-11-20,0.003062967489036783,0.00033903443627258945
2024-11-21,0.0066631111072879,0.005368252725473477
2024-11-22,0.0057441978630041746,0.003099306879028596
2024-11-25,0.001243646916387231,0.003392035003947358
2024-11-26,-0.0006066903936211565,0.0052213885900682655
2024-11-27,-0.00011432805817523928,-0.003029919952727167
2024-11-29,0.003140683339008854,0.006211938555072516
2024-12-02,-0.00659246687348225,0.001792322145837133
2024-12-03,-0.0028740680332579593,0.00046406314072489074
2024-12-04,-0.004517453198567001,0.006209419772410518
2024-12-05,-0.0008905744990367337,-0.0016455104221653194
2024-12-06,-0.003073510416719105,0.001895564054851917
2024-12-09,-0.011362253320012394,-0.005149516166978119
2024-12-10,0.0014205129230804303,-0.003109069080258098
2024-12-11,0.007222394626795969,0.007730564844933507
2024-12-12,-0.004867922027307792,-0.005152585400312493
2024-12-13,-0.0032254517330633226,-0.00019880138470740327
2024-12-16,0.0029579744339947034,0.00427011897486973
2024-12-17,-0.006502855683874875,-0.00411993131904187
2024-12-18,-0.030605927972294666,-0.029803582795307815
2024-12-19,0.00017736886323738155,-0.0003069569088736124
2024-12-20,0.003221918087081388,0.012010899570405353
2024-12-23,0.0035161908425196398,0.005988339781696439
2024-12-24,0.009166193630719466,0.011114965714091207
2024-12-26,-0.0011718388512461653,6.644665441113418e-05
2024-12-27,-0.007697386675550533,-0.010526437801784305
2024-12-30,-0.00790741131645778,-0.011411578258592181
2024-12-31,-0.0037290919777669407,-0.0036380710711456654
2025-01-02,-0.0019425124635389368,-0.00245696071262691
2025-01-03,0.005024049296219246,0.012503369104386763
2025-01-06,0.004397761392727295,0.005760621688336354
2025-01-07,-0.005622077647744139,-0.011303891520774711
2025-01-08,-0.00126479369644239,0.00146083303324418
2025-01-10,-0.00600613982539433,-0.01526765024805965
2025-01-13,-0.00199394031796174,0.001550683130381536
2025-01-14,-0.00025522541109557206,0.0013761557256792845
2025-01-15,0.00723863674357883,0.01818987042190634
2025-01-16,-0.002130550868281289,-0.0019231526348860717
2025-01-17,0.002077720450726961,0.010039901471251778
2025-01-21,6.714054560386096e-05,0.009153506108499077
2025-01-22,0.0021187773872557436,0.005621461947495243
2025-01-23,-0.0003255209835446582,0.005457962961176621
2025-01-24,-0.0018436115145312737,-0.0029191655193692156
2025-01-27,-0.012110210910704411,-0.014145472717851715
2025-01-28,0.005835457500189767,0.00859247042376432
2025-01-29,-0.0017981723948845563,-0.004482980456218644
2025-01-30,0.006941669954454888,0.00536706983116253
2025-01-31,-0.0024382041052288805,-0.005321960616874288
2025-02-03,-0.0009867124069430355,-0.006729615115073084
2025-02-04,0.005585928149874464,0.006708266511638694
2025-02-05,0.0037161137024417368,0.004054667008907886
2025-02-06,0.0028211095734536062,0.0034755049668830917
2025-02-07,-0.0047394239381273184,-0.009153354953960857
2025-02-10,0.008236209530053218,0.006790995601433147
2025-02-11,0.0009632576353657551,0.0007606806800792842
2025-02-12,-0.003201304643936642,-0.0032215678694511585
2025-02-13,0.00896402808239416,0.010557519113488123
2025-02-14,-0.0018599958295385521,-4.889081639591897e-05
2025-02-18,0.00866850441493372,0.0029356338795012427
2025-02-19,0.0022671838104342257,0.002354761866475208
2025-02-20,-0.004216737155000261,-0.004160219576902935
2025-02-21,-0.012481554237209869,-0.017104166016672973
2025-02-24,-0.0017275024509249004,-0.004550399832697671
2025-02-25,-0.0082126708768403,-0.004973131977916934
2025-02-26,-0.0012757295261960344,0.0005046896127463008
2025-02-27,-0.009869872434164373,-0.01596177305720281
2025-02-28,0.0008247212607472854,0.015605628259372173
2025-03-03,0.0008710777534872705,-0.017520015752847895
2025-03-04,-0.0075836478365168825,-0.011836837733235739
2025-03-05,0.0004603705993484475,0.010747773049082143
2025-03-06,-0.0035872590958591077,-0.017751047919802754
2025-03-07,0.003629743098067406,0.0056046769065729585
2025-03-10,-0.008416339851306298,-0.026635415552292097
2025-03-11,0.0001223211823615511,-0.008312772881163277
2025-03-12,-0.00016481523154521227,0.0053064547293955044
2025-03-13,0.0016309491367720863,-0.013330464770631378
2025-03-14,0.0038670330024943578,0.020655618404500586
2025-03-17,0.004913472107923589,0.007711356827039495
2025-03-18,0.002309399160550063,-0.010808335030514149
2025-03-19,0.003365059298889861,0.010890822875730954
2025-03-20,-0.0012681814991569729,-0.0028916370774351163
2025-03-21,-0.0043211151748385745,0.0003297206398957808
2025-03-24,-0.0014484062517666763,0.0179086231153478
2025-03-25,0.0026483510703640967,0.0024038461538462563
2025-03-26,-0.0034506246794102635,-0.011938437200421759
2025-03-27,0.0037454176372428982,-0.0026556743979064823
2025-03-28,0.0009117967331706556,-0.020138327980341764
2025-03-31,0.004913380502286513,0.006712944222945216
2025-04-01,0.0006271396865422663,0.0028243574234689817
2025-04-02,0.001966556487678295,0.006328417375800033
2025-04-03,-0.011401203838787954,-0.04928084518002496
2025-04-04,-0.019298983459711816,-0.05854287733817165
2025-04-07,-0.014219685053700415,-0.0017811906998882465
2025-04-08,-0.003583718192607166,-0.015662835573318157
2025-04-09,0.008842750999772164,0.10501946985116217
2025-04-10,-0.0009886300572301554,-0.04381907290334708
2025-04-11,0.004410191199974323,0.017842727424663973
2025-04-14,0.0005636624878613272,0.009701426975740057
2025-04-15,0.0019327661594175094,-0.0028008419098759507
2025-04-16,0.00890754270137073,-0.022227992908980032
2025-04-17,-0.0027656721594683242,0.001426718914772973
2025-04-21,0.004305955089174196,-0.0238025274243564
2025-04-22,-0.002553533579412015,0.026017645667434586
2025-04-23,-0.004175055727466237,0.01549547679367791
2025-04-24,0.005558905184180896,0.021048917134120826
2025-04-25,-0.0012758736804364679,0.007225434182062562
2025-04-28,0.004693535773192314,0.00038120534809804596
2025-04-29,-0.0007929672661007858,0.006299374906016286
2025-04-30,-0.003401715964408525,0.0003969200081936908
2025-05-01,-0.006042415739892282,0.007086675492562922
2025-05-02,-0.0016727386597664706,0.014844447170166752
2025-05-05,0.005545830969740928,-0.00573455034560999
2025-05-06,0.007290854563424487,-0.008358272128269228
2025-05-07,-0.0030261228664969497,0.004205644419848387
2025-05-08,-0.009329933532105428,0.006967593954268381
2025-05-09,0.0033996566782803495,-0.0012739815888688222
2025-05-12,-0.008911734928645054,0.033047360828913463
2025-05-13,0.0006156988570620303,0.0066039759021399025
2025-05-14,-0.00902743464256306,0.0012779785798229248
2025-05-15,0.010202744441536238,0.004884164632874111
2025-05-16,0.005603989427089617,0.006334116030009662
2025-05-19,0.003513425258101721,0.0010938209090942674
2025-05-20,1.4568571237161265e-05,-0.0033621581398221023
2025-05-21,-0.012010442426180101,-0.01685086099457822
2025-05-22,-0.003683295925036134,0.0003947302027580424
2025-05-23,0.0008291376397364658,-0.006825669813543378
2025-05-27,0.011615889857360395,0.020790668102954157
2025-05-28,-0.007788424764824331,-0.005785543289605233
2025-05-29,0.0035472900096162885,0.0039474266243269
2025-05-30,-0.0005195631544643309,-0.0011184442562376384
2025-06-02,0.005821689818586773,0.005632907541234244
2025-06-03,0.0036842048243119763,0.005702480887481931
2025-06-04,0.00014336898489575312,-0.0002683465004931218
2025-06-05,-0.00012340467182980763,-0.0048328870797187395
2025-06-06,0.005556710768921391,0.010269107919899767
2025-06-09,0.0012128179853736487,0.0009011883528189379
2025-06-10,0.002291280979633603,0.005669829436407703
2025-06-11,0.00025967503296153716,-0.0028520606578084085
2025-06-12,0.0057751199616145055,0.003974342333478376
2025-06-13,-0.011188723982619164,-0.01118007341294136
2025-06-16,0.006607893890926864,0.009514064635483432
2025-06-17,-0.009477429191936393,-0.008545080602244903
2025-06-18,0.0006866107426013457,-0.00015067198563345485
2025-06-20,-0.0031605069192210955,-0.0023483861855237986
2025-06-23,0.010275744793045716,0.009877340797457723
2025-06-24,0.013534016047174191,0.011047199101207106
2025-06-25,-0.003318452100963709,0.000560450562693493
2025-06-26,0.00846493242619073,0.00782377492146935
2025-06-27,0.0028133897775173278,0.00496832451725937
2025-06-30,0.00438479377637635,0.004781180241128391
2025-07-01,-0.0005875385421548751,-0.00032361685086557124
2025-07-02,0.002074019641185698,0.004533404674952779
2025-07-03,0.006570361235146649,0.007881327506583657
2025-07-07,-0.006850882893413401,-0.00745217418230415
2025-07-08,0.0016832966638298252,-0.0005476004207373153
2025-07-09,0.005443157204635396,0.005996687665527967
2025-07-10,0.002255923120308756,0.0028201239157372715
2025-07-11,-0.0043917291211060805,-0.003515241478109443
2025-07-14,0.0018146322772905066,0.0019081606779420834
2025-07-15,-0.001970677481906713,-0.004273228812600172
2025-07-16,0.0030984481011053777,0.0033431230556661973
2025-07-17,0.005932450258319344,0.0061197700514912245
2025-07-18,0.001781690940649172,-0.0007324784861535427
2025-07-21,0.0023964302540973037,0.0018962189772129268
2025-07-22,0.002122906209774511,0.00014305906725864403
2025-07-23,0.009599902800240478,0.008507452173557306
2025-07-24,-0.002254481727044677,0.0003311688837424054
2025-07-25,0.001798752688080496,0.004224296491786239
2025-07-28,-0.0055320386945726385,-0.00025101274173700006
2025-07-29,4.628978233611747e-05,-0.002637703887361731
2025-07-30,-0.0017311121084090386,-0.0012592832087133798
2025-07-31,-0.00369329410455288,-0.003751215554337217
2025-08-01,-0.009018633855263358,-0.016390499961926652
2025-08-04,0.011242373444742215,0.015199896036428573
2025-08-05,-0.0038633209628712306,-0.005069969618996417
2025-08-06,0.0014402135070599176,0.007659667282124971
2025-08-07,0.00369229189162934,-0.0008375655634338397
2025-08-08,0.000735961136917318,0.007797445098702616
2025-08-11,-0.003118844570710544,-0.001977363143624733
2025-08-12,0.00826522988144407,0.010645955345396585
2025-08-13,0.004279952464480319,0.0034231618938416197
2025-08-14,-0.006456667277851547,9.295674690923406e-05
2025-08-15,-0.003109382457591847,-0.0023412563361066008
2025-08-18,0.0012111761920683417,-0.00021758017007211805
2025-08-19,-0.0025472179852782384,-0.005425108869057227
2025-08-20,-0.0013487970021904827,-0.002657103671908412
2025-08-21,-0.0037775841868423754,-0.004011689053040057
2025-08-22,0.011772204122239893,0.015356807484774082
2025-08-25,-0.0059827829026398716,-0.0044011150232772245
2025-08-26,0.0031062027835468964,0.004186966211639165
2025-08-27,0.0003155708689834835,0.002278453022356741
2025-08-28,0.0016443431186601298,0.003541412018451817
2025-08-29,-0.00564007337336403,-0.005963766656904346
2025-09-02,-0.004173559455869058,-0.007410143948452852
2025-09-03,-0.002670350207144012,0.005419476296687709
2025-09-04,0.004471796650663995,0.008357508586952056
2025-09-05,-0.0008582312490347244,-0.002896333007960439
2025-09-08,0.004008051751541952,0.002456656294075321
2025-09-09,0.0008872044643144505,0.00231180914368867
2025-09-10,0.010420069347054417,0.00289084920514715
2025-09-11,0.005637711583620142,0.00831024825646609
2025-09-12,-0.0033060613928722615,-0.0003347087939420401
2025-09-15,0.0038691428114803195,0.005324009290667231
2025-09-16,0.003690306586837222,-0.0013768405847188747
2025-09-17,-0.000529483997247393,-0.0012423553760644301
2025-09-18,0.003615227088235473,0.004672276639620998
2025-09-19,-0.0005660284513160363,0.004953024178010468
2025-09-22,0.004233716434051793,0.004730992209795337
2025-09-23,0.002108932652663542,-0.005443480659860334
2025-09-24,-0.000888848565331557,-0.0031816581403537603
2025-09-25,-0.0013567658498108148,-0.00461344557576937
2025-09-26,0.003445466517213225,0.005729103921045642
2025-09-29,0.000427232106807951,0.002810434169152165
2025-09-30,0.0010952798661230112,0.003766799753069261
2025-10-01,0.003986339627284119,0.0034076065490573626
2025-10-02,0.0008406898396322582,0.001151731459675398
2025-10-03,0.0003726597066511239,-1.4842170570572577e-05
2025-10-06,0.0043464295929924734,0.003586235074524158
2025-10-07,-0.0032510147935440603,-0.0037074427188158454
2025-10-08,0.005865493238073949,0.005963018112918883
2025-10-09,-0.007701213010676056,-0.00289701942821452
2025-10-10,-0.024770155101220714,-0.027027784753554496
2025-10-13,0.014008243684815236,0.01534405245669701
2025-10-14,0.0006164256598517603,-0.0012216093756776125
2025-10-15,0.006165148716186009,0.004439654341197752
2025-10-16,0.002555627347994527,-0.006810349824820983
2025-10-17,-0.0043836236622067926,0.005676293099704743
2025-10-20,0.011989982753279671,0.010400512350939195
2025-10-21,-0.013511052659947564,-1.5071886465323203e-05
2025-10-22,-0.0047534694181140535,-0.005198776364940705
2025-10-23,0.004848094805065317,0.005929906487662118
2025-10-24,0.005454935469797029,0.008172552647061071
2025-10-27,0.00017873234048848552,0.01179771954420028
2025-10-28,-0.0033511703151326566,0.0026559489971362815
2025-10-29,4.585922843869383e-05,0.0004803064047769201
2025-10-30,-0.0006911895318083561,-0.010998125110505463
2025-10-31,-0.0017025920561621888,0.003280291056295237
2025-11-03,0.0006148543803752293,0.001876696652084453
2025-11-04,-0.011940386307410567,-0.01185355023282042
2025-11-05,0.0028622426773212695,0.0034654021681033154
2025-11-06,-0.005390295609815743,-0.010729329446956148
2025-11-07,0.004004309788296911,0.0009845249103577203
2025-11-10,0.011728946112707028,0.01560440962883236
2025-11-11,-0.00041456711444443073,0.0022891577936339225
2025-11-12,0.004572163060559298,0.0005564170786802602
2025-11-13,-0.0130783542718107,-0.01659403563711148
2025-11-14,-0.0025733586720738666,-0.00016358859396436998
2025-11-17,-0.005442462669971726,-0.009316526675455239
2025-11-18,-0.0035796806376124923,-0.008397461039591825
2025-11-19,-0.0018004936517219683,0.003863236168279993
2025-11-20,-0.0005825266308384647,-0.015242367922847277
2025-11-21,0.0008825844948996409,0.00996129221104658
2025-11-24,0.003342922787567426,0.014718364517158022
2025-11-25,0.004965548446689505,0.00940594548083129
2025-11-26,0.0013321308524862907,0.006903634543872883
2025-11-28,0.0011924119955137868,0.0054583730862225455
2025-12-01,-0.0030955801941975336,-0.0045654326011898005
2025-12-02,-0.0023593587335342114,0.0018522512234524502
2025-12-03,0.001146141639719822,0.003462748187155862
2025-12-04,-0.001999784468206367,0.0007310609522068745
2025-12-05,-0.0016044098943029939,0.001899514150938586
2025-12-08,-0.004736310854230097,-0.0030042012931832396
2025-12-09,-0.0015627428366177254,-0.0008632759816425972
2025-12-10,0.005572741127898295,0.006632356887458446
2025-12-11,0.006075680270890338,0.0023269817636015766
2025-12-12,-0.0034022451878217286,-0.010752098118288811
2025-12-15,0.000557203048024979,-0.001510850004248443
2025-12-16,-0.004891133009743531,-0.0027322728752858794
2025-12-17,0.0017010411182192264,-0.01100356428531779
2025-12-18,3.970800921493378e-05,0.007551268712199022
2025-12-19,0.004099651736913623,0.009063486264369258
2025-12-22,0.010672830964593372,0.006229909040435633
2025-12-23,0.003433656117998396,0.004570344256512815
2025-12-24,0.001031455367908496,0.003517736660175297
2025-12-26,0.0026612946488373534,-0.00010139418790333643
2025-12-29,-0.012502230508613987,-0.0035636809822511273
2025-12-30,-0.00030500444565917384,-0.001221116197679395
2025-12-31,-0.007062548465916141,-0.007408984561101173
2026-01-02,0.004083978500852403,0.0018330346379591411
2026-01-05,0.01232210473477613,0.006660088423615873
2026-01-06,0.008496279081456004,0.005947258198767402
2026-01-07,-0.0019913729068191666,-0.0032234143669693793
2026-01-08,0.0032722037268018145,-0.00010151182144402249
2026-01-09,0.002397055091305278,0.006613390447410161
2026-01-12,0.007332087253722364,0.0015704331745676203
2026-01-13,0.0005723126173620141,-0.001999516689819014
2026-01-14,0.005549498893623772,-0.00491513422636114
2026-01-15,-0.0027606129078066033,0.0027231988600753265
2026-01-16,-0.0034587016415200678,-0.0008379420888713351
2026-01-20,0.007412981496145221,-0.020356835813531426
2026-01-21,0.012869015456610011,0.01154117242065511
2026-01-22,0.006378335343939945,0.005223214802554832
2026-01-23,0.0032910959705463316,0.00036274314526618667
2026-01-26,0.004532836905645654,0.005078168996109467
2026-01-27,0.007477606854492613,0.003984202776732504
2026-01-28,0.01081223310304491,-0.00010064922286523448
2026-01-29,0.0047827499462109735,-0.0019843514508082194
2026-01-30,-0.03135853167233649,-0.0029825340247910948
2026-02-02,-0.01726447889691085,0.004971389066997789
2026-02-03,0.02388643356107023,-0.00845550616277535
2026-02-04,0.005302624556897895,-0.004843838873890061
2026-02-05,-0.01670182810532761,-0.012489280981794915
2026-02-06,0.02316578522925683,0.0191847683064843
2026-02-09,0.008821235591683907,0.004821854060201192
2026-02-10,-0.005064625750686114,-0.0026372236962597384
2026-02-11,0.009956838307682236,-0.0002310739544192364
2026-02-12,-0.020347473440057495,-0.015448819557001836
2026-02-13,0.01210210732862671,0.0007044426839897255
2026-02-17,-0.012005755516134475,0.00161351967622414
2026-02-18,0.015106045306175986,0.005037695790158558
2026-02-19,0.0038674009993713288,-0.002637440014283343
2026-02-20,0.004170330471390482,0.0072319245695726675
2026-02-23,0.007498958410414591,-0.010211384127467471
2026-02-24,-0.002446738062591436,0.007268496179203554
2026-02-25,-0.000358484696840633,0.008438319377304548
2026-02-26,0.003210868092938801,-0.005554483250070685
2026-02-27,0.009016837617961349,-0.004801907270092887
2026-03-02,0.012458573739462464,0.0005685897092166936
2026-03-03,-0.016539492803283817,-0.008814360717999903
2026-03-04,0.0044875244938131775,0.007055335646745764
2026-03-05,-0.005681005459528987,-0.005575510454003618
2026-03-06,0.006171001638305862,-0.013107173734515198
2026-03-09,-0.006853491658085242,0.008760032114476068
2026-03-10,0.00360580980259817,-0.0016071062736998654
2026-03-11,0.008514131579706152,-0.0012551628541557225
2026-03-12,0.0032698316416421846,-0.015184929448649576
2026-03-13,-0.003354599834284544,-0.005660153274538504
2026-03-16,-0.002640013202261704,0.010176873245252738
2026-03-17,0.00524566846213026,0.0026305491982852036
2026-03-18,-0.003133892152228812,-0.01395372252866045
2026-03-19,-0.008736670077866826,-0.0024642698082495418
2026-03-20,0.0011142223082847291,-0.014335773764557969
2026-03-23,-0.0069157781198307955,0.010499959707213291
2026-03-24,0.008433055425672631,-0.0033568197458089255
2026-03-25,-0.001551999855488817,0.00557272087530869
2026-03-26,0.0056587323506067655,-0.01785871391108962
2026-03-27,0.009057098843120226,-0.017051920414101196
2026-03-30,-0.0009178939827862997,-0.0033433730947614038
2026-03-31,-0.004988434011625631,0.02906782833016619
2026-04-01,-0.010503546721777002,0.007534524709556623
2026-04-02,0.006239629570717442,0.0009004486514896382
2026-04-06,0.0027712630074283595,0.004726890756302726
2026-04-07,0.0008827084202338575,0.0004399759996163155
2026-04-08,-0.014135559628386751,0.0254696046172882
2026-04-09,-0.0014625030925474736,0.005769005826991913
2026-04-10,-0.003139741996412204,-0.000661704514378525
2026-04-13,0.004350693257361371,0.009772427509418202
2026-04-14,-0.0052671057105880825,0.012184824510988568
2026-04-15,-0.0010574625816491823,0.00789104262604634
2026-04-16,0.003167428117143656,0.0024573146961406334
2026-04-17,0.005330692772457235,0.012085709684531931
2026-04-20,0.003489114246502334,-0.0019997769579220837
2026-04-21,0.0004462370798572479,-0.006546877598048728
2026-04-22,0.013060999451832034,0.010126679110719516
2026-04-23,-0.0022136235428550366,-0.0038807172806205603
2026-04-24,0.01094669646880897,0.007749329558953688
2026-04-27,0.0029931569789811707,0.0017227696705925943
2026-04-28,-0.006429335535594771,-0.0048659811570928024
2026-04-29,0.007134864321337586,-0.00015454822141558466
2026-04-30,0.00842481272866702,0.009949685183250345
2026-05-01,0.0038232947978222853,0.002769057371556638
2026-05-04,0.0021982991192392998,-0.003663380950929662
2026-05-05,0.010451744113005201,0.008022242913074518
2026-05-06,0.007041688493146792,0.013899418730159985
2026-05-07,-0.004035559067840477,-0.0030660889376451506
2026-05-08,0.014531756538116447,0.008256054754597786
2026-05-11,0.010171681119045095,0.0022775635209939527
2026-05-12,-0.0021713873936061168,-0.001514897683211447
2026-05-13,0.002610069881129995,0.005594852718878052
2026-05-14,0.005405089228055271,0.007894249484761584
2026-05-15,-0.013108766084705348,-0.012029288059681953
2026-05-18,-0.0028366677307394284,-0.0007035134425674716
2026-05-19,-0.004012517214892042,-0.006660801173054565
2026-05-20,0.008810386444237261,0.010248944869345022
2026-05-21,0.0028553208377077866,0.0019831294549137457
2026-05-22,0.004186893934328362,0.003931565762728573
2026-05-26,0.00993165534138618,0.006638589859918387
2026-05-27,-0.005097283667610086,-0.0001731819956434233
2026-05-28,0.007586227106437526,0.005516544483684438
2026-05-29,0.0032824025202404794,0.002491413132097442
2026-06-01,0.0016017415062894447,0.002723144858072235
2026-06-02,0.004694436048331196,0.0013579151752258767
2026-06-03,-0.00804986259905971,-0.007017162719965442
2026-06-04,7.961398043687673e-05,0.003778634283035931
2026-06-05,-0.03947511165511308,-0.025809369612244448
2026-06-08,0.010614430292855692,0.002264222440912178
2026-06-09,-0.005289513984118033,-0.002935520049857643
2026-06-10,-0.017720494615859006,-0.015765511015807587
2026-06-11,0.024170921427960845,0.016996857394829812
2026-06-12,0.0057311254776242215,0.005408207317551872
2026-06-15,0.01798819465089463,0.017634009390668393
2026-06-16,-0.009690712938643986,-0.005961575485861181
2026-06-17,-0.007630300094613962,-0.012487894929830379
2026-06-18,0.015396758373176223,0.010396979807429485
2026-06-22,0.0029269186308098494,-0.0031469282666526377
2026-06-23,-0.01935114403122895,-0.014522012225013592
2026-06-24,-0.0018859655414431575,-0.0004635003677894156
2026-06-25,0.004086789892950193,0.0014456368287247834
2026-06-26,-0.006877303231485943,-0.007231332133985746
2026-06-29,0.012742014879866481,0.01647481275894025
2026-06-30,0.01117313882931481,0.007786815227913024
2026-07-01,-0.005176750564835353,-0.0013525036475483532
2026-07-02,-0.0073527108524651386,-0.0013140507435593918
2026-07-06,0.010634612659459641,0.008727392224116226
2026-07-07,-0.011584184812408416,-0.004751890339538711
2026-07-08,-0.0034181621220672476,-0.0030894091522384315
2026-07-09,0.01405277020987361,0.008465256756416073
2026-07-10,0.0016648342423761786,0.004310118179872147
2026-07-13,-0.010528405048473077,-0.007656140611366324
2026-07-14,0.0065939818889191315,0.0035506379166867497
2026-07-15,0.0001688148967624592,0.003963630921285599
2026-07-16,-0.008184385311667985,-0.005418616825605738
2026-07-17,-0.009821742740293016,-0.009897199757215702
2026-07-20,0.000786586832672409,-0.0016143534967409945
2026-07-21,0.004727087029160915,0.008341327043244195
2026-07-22,-0.0023316786417804103,-0.001162766737217713
2026-07-23,-0.004300311325105888,-0.012349253784127878
2026-07-24,0.0013842397099814718,0.0010159657563921787
2026-07-27,0.0034146518594631026,0.00021661654234961247
2026-07-28,0.003492432702906667,0.0023947666975514537
2026-07-29,-0.010982712615123513,-0.015387445003102407
2026-07-30,0.0007998575913237271,0.01676574369337569
2026-07-31,-0.002019987990411032,0.007199869193783126
2026-08-03,0.0021442256388386483,0.014242990614400375
2026-08-04,0.0041969818365925615,0.01802895214665101
2026-08-05,0.0012683530768511364,-0.0019965624761276723
2026-08-06,-0.0008243862151061654,-0.0015978064697252936
2026-08-07,0.004128364868323908,0.0061153280785064545
2026-08-10,0.003027490186438886,-0.0002974431285414081
2026-08-11,-0.0007287525107380066,-0.003195199981383512
2026-08-12,-1.567819766568057e-05,0.0025046088948632583
2026-08-13,0.0020373014657752986,0.006977515074108265
2026-08-14,-0.001287991451779713,-0.0019797506799419384
2026-08-17,-0.004890988320634948,-0.004727362317670902
2026-08-18,-0.0009310091543486276,-0.006755744960808441
2026-08-19,0.009442375416928162,0.0020977847370853286
2026-08-20,-0.008473482211736827,-0.008399827926766523
2026-08-21,0.01098330449751228,0.004091229991858514
2026-08-24,0.002047276617944016,-0.0029384361156037375
2026-08-25,0.0031001047979368757,0.003195939766817757
2026-08-26,-0.0029004546050115376,0.00022200767959623668
2026-08-27,-0.004408483213679926,0.006552844629756915
2026-08-28,-0.0008446059528812722,-0.0022694869107554583
2026-08-31,-0.0049583823547095784,-0.002989548034258993
2026-09-01,-0.005843654979911239,-0.006870413937474118
2026-09-02,0.008037361803664878,0.004436916429827686
2026-09-03,0.004895946986792188,0.010468417941536412
2026-09-04,-0.005620808265625388,-0.0038542322600894074
2026-09-08,-0.007842534908445553,-0.005492178930014524
2026-09-09,-0.0015489226780702747,-0.004647717444469568
2026-09-10,-0.0005850224179905217,-0.005994275703456675
2026-09-11,0.001147753720788236,0.008524301461116268
2026-09-14,-0.0009027926066982328,-0.004461653484890804
2026-09-15,0.0019713657073905377,-0.004586752409134753
2026-09-16,-0.008584806560609226,-0.0044098804847823025
2026-09-17,-0.0008625612653522241,0.011338753705953053
2026-09-18,-0.003482211225167675,0.0012869590529585029
2026-09-21,0.005417859851946982,0.015504992215651825
2026-09-22,-0.00017289322533520224,-0.00015513266604727516
2026-09-23,-0.0015628621159528011,-0.007202161019229769
2026-09-24,0.003762428311779864,-0.0008205218541249559
2026-09-25,-0.002851085889627347,0.005435468794763754
