strategy,ticker,weight_now,target_next_open,action
A1,SPY,1.0,,hold
A2,SPY,1.0,,hold
A3,DBC,0.1647,,hold
A3,EEM,0.1675,,hold
A3,EFA,0.1683,,hold
A3,IEF,0.3314,,hold
A3,SPY,0.1681,,hold
B,ADP,0.1,,hold
B,AIZ,0.0982,,hold
B,ALL,0.0956,,hold
B,AWK,0.0988,,hold
B,CAH,0.0988,,hold
B,CB,0.0,0.1,buy at next open
B,CF,0.0,0.1,buy at next open
B,CVS,0.1028,0.0,sell at next open
B,MDT,0.1005,,hold
B,PAYX,0.096,,hold
B,RJF,0.0992,,hold
B,SBUX,0.0975,0.0,sell at next open
B_dated,ADP,0.1,,hold
B_dated,AIZ,0.0982,,hold
B_dated,ALL,0.0996,,hold
B_dated,AWK,0.0988,,hold
B_dated,CAH,0.0977,,hold
B_dated,CB,0.0,0.1,buy at next open
B_dated,CF,0.0,0.1,buy at next open
B_dated,CVS,0.1019,0.0,sell at next open
B_dated,MDT,0.1005,,hold
B_dated,PAYX,0.096,,hold
B_dated,RJF,0.0983,,hold
B_dated,SBUX,0.0969,0.0,sell at next open
C,DBC,0.2072,,hold
C,QQQ,0.2009,,hold
C,XLC,0.1999,,hold
C,XLK,0.2017,,hold
C_stocks,CRWD,0.1676,,hold
C_stocks,DELL,0.3196,,hold
C_stocks,MSTR,0.134,,hold
C_stocks,P,0.1949,,hold
C_stocks,SWKS,0.1839,,hold
C_stocks_dated,CRWD,0.1469,,hold
C_stocks_dated,DELL,0.2855,,hold
C_stocks_dated,MPC,0.2686,,hold
C_stocks_dated,SWKS,0.1611,,hold
C_stocks_dated,VLO,0.1379,,hold
D,ALAB,0.0236,,hold
D,AMAT,0.0194,,hold
D,AMD,0.0244,,hold
D,ARM,0.0236,,hold
D,ASML,0.0185,,hold
D,BE,0.0244,,hold
D,CASY,0.0139,,hold
D,CAT,0.0188,,hold
D,CIEN,0.0178,,hold
D,CMI,0.0171,,hold
D,CNC,0.0168,,hold
D,COHR,0.0196,,hold
D,CRWD,0.0209,,hold
D,CSCO,0.0172,,hold
D,DDOG,0.0217,,hold
D,DELL,0.0217,,hold
D,DVA,0.0179,,hold
D,FDX,0.0157,,hold
D,FIX,0.019,,hold
D,FLEX,0.0191,,hold
D,FTNT,0.019,,hold
D,GLW,0.0194,,hold
D,GOOG,0.0183,,hold
D,GOOGL,0.0183,,hold
D,HPE,0.0216,,hold
D,HWM,0.016,,hold
D,ILMN,0.023,,hold
D,INTC,0.0246,,hold
D,JBHT,0.0156,,hold
D,KEYS,0.0203,,hold
D,KLAC,0.0195,,hold
D,LITE,0.0193,,hold
D,LRCX,0.0193,,hold
D,MPC,0.0183,,hold
D,MRNA,0.0234,,hold
D,MRVL,0.0227,,hold
D,MU,0.0207,,hold
D,NBIS,0.0216,,hold
D,NTAP,0.0191,,hold
D,NUE,0.0173,,hold
D,PANW,0.0193,,hold
D,PWR,0.0189,,hold
D,ROST,0.0182,,hold
D,SNDK,0.0206,,hold
D,STLD,0.0175,,hold
D,STX,0.0202,,hold
D,TER,0.0212,,hold
D,VLO,0.0191,,hold
D,VTRS,0.0189,,hold
D,WBD,0.0193,,hold
D,WDC,0.0183,,hold
D_dated,AMAT,0.0203,,hold
D_dated,AMD,0.0255,,hold
D_dated,APA,0.0181,,hold
D_dated,CASY,0.0145,,hold
D_dated,CAT,0.0196,,hold
D_dated,CIEN,0.0186,,hold
D_dated,CMI,0.0179,,hold
D_dated,CNC,0.0176,,hold
D_dated,COHR,0.0205,,hold
D_dated,CRWD,0.0219,,hold
D_dated,CSCO,0.018,,hold
D_dated,DDOG,0.0227,,hold
D_dated,DELL,0.0226,,hold
D_dated,DVA,0.0188,,hold
D_dated,FDX,0.0164,,hold
D_dated,FIX,0.0198,,hold
D_dated,FLEX,0.0199,,hold
D_dated,FTNT,0.0198,,hold
D_dated,GEV,0.0198,,hold
D_dated,GLW,0.0203,,hold
D_dated,GOOG,0.0192,,hold
D_dated,GOOGL,0.0191,,hold
D_dated,HPE,0.0225,,hold
D_dated,HWM,0.0167,,hold
D_dated,INTC,0.0257,,hold
D_dated,JBHT,0.0163,,hold
D_dated,KEYS,0.0212,,hold
D_dated,KLAC,0.0203,,hold
D_dated,LITE,0.0202,,hold
D_dated,LRCX,0.0201,,hold
D_dated,MPC,0.0192,,hold
D_dated,MPWR,0.0207,,hold
D_dated,MRNA,0.0244,,hold
D_dated,MRVL,0.0237,,hold
D_dated,MU,0.0216,,hold
D_dated,NTAP,0.0199,,hold
D_dated,NUE,0.018,,hold
D_dated,ON,0.0196,,hold
D_dated,PANW,0.0201,,hold
D_dated,PWR,0.0197,,hold
D_dated,ROST,0.019,,hold
D_dated,SNDK,0.0216,,hold
D_dated,STLD,0.0183,,hold
D_dated,STT,0.0179,,hold
D_dated,STX,0.0211,,hold
D_dated,TER,0.0222,,hold
D_dated,VLO,0.02,,hold
D_dated,VTRS,0.0198,,hold
D_dated,WBD,0.0202,,hold
D_dated,WDC,0.0191,,hold
E,ABBV,0.0213,,hold
E,ADI,0.0208,,hold
E,ADM,0.02,,hold
E,ADP,0.0167,,hold
E,AMD,0.0228,,hold
E,AME,0.0198,,hold
E,AMZN,0.0176,,hold
E,APP,0.0156,,hold
E,CASY,0.0139,,hold
E,CAT,0.0162,,hold
E,CIEN,0.0222,,hold
E,COF,0.0186,,hold
E,COO,0.0211,,hold
E,CRM,0.0187,,hold
E,CVX,0.0187,,hold
E,DELL,0.0208,,hold
E,DGX,0.02,,hold
E,DRI,0.0194,,hold
E,EME,0.0178,,hold
E,EOG,0.0196,,hold
E,EXPD,0.0176,,hold
E,FIX,0.0176,,hold
E,GOOG,0.0171,,hold
E,GOOGL,0.017,,hold
E,GS,0.0178,,hold
E,HIG,0.0176,,hold
E,HON,0.0167,,hold
E,IR,0.0175,,hold
E,ISRG,0.0224,,hold
E,MA,0.0196,,hold
E,MCO,0.0191,,hold
E,MPC,0.0252,,hold
E,MS,0.0181,,hold
E,NTAP,0.0247,,hold
E,PAYX,0.0173,,hold
E,PLTR,0.0235,,hold
E,PWR,0.0187,,hold
E,ROP,0.0175,,hold
E,ROST,0.0203,,hold
E,STT,0.0196,,hold
E,STX,0.0217,,hold
E,TER,0.0217,,hold
E,TGT,0.0192,,hold
E,TROW,0.0187,,hold
E,VEEV,0.0319,,hold
E,VLO,0.0243,,hold
E,WFC,0.0187,,hold
E,YUM,0.0155,,hold
E_dated,ABBV,0.0212,,hold
E_dated,ADI,0.0208,,hold
E_dated,ADM,0.0195,,hold
E_dated,AMD,0.0186,,hold
E_dated,AME,0.0193,,hold
E_dated,AMZN,0.0175,,hold
E_dated,CASY,0.0137,,hold
E_dated,CAT,0.0133,,hold
E_dated,CIEN,0.0222,,hold
E_dated,COF,0.0184,,hold
E_dated,COO,0.0211,,hold
E_dated,CRM,0.0186,,hold
E_dated,CVX,0.0184,,hold
E_dated,DELL,0.0208,,hold
E_dated,DGX,0.0198,,hold
E_dated,DRI,0.0192,,hold
E_dated,EME,0.0177,,hold
E_dated,EOG,0.0191,,hold
E_dated,FIX,0.0174,,hold
E_dated,GOOG,0.0168,,hold
E_dated,GOOGL,0.0168,,hold
E_dated,GS,0.0177,,hold
E_dated,HIG,0.0174,,hold
E_dated,HON,0.0165,,hold
E_dated,IR,0.0174,,hold
E_dated,ISRG,0.0222,,hold
E_dated,MA,0.0194,,hold
E_dated,MCO,0.0188,,hold
E_dated,MPC,0.0245,,hold
E_dated,MS,0.0176,,hold
E_dated,NTAP,0.0246,,hold
E_dated,PAYX,0.0171,,hold
E_dated,PLTR,0.0229,,hold
E_dated,PWR,0.0186,,hold
E_dated,ROP,0.0174,,hold
E_dated,ROST,0.0202,,hold
E_dated,STT,0.0195,,hold
E_dated,STX,0.0211,,hold
E_dated,TER,0.0216,,hold
E_dated,TGT,0.0192,,hold
E_dated,TROW,0.0186,,hold
E_dated,TXN,0.0191,,hold
E_dated,VEEV,0.0315,,hold
E_dated,VLO,0.0241,,hold
E_dated,WFC,0.0185,,hold
E_dated,YUM,0.0127,,hold
F,AAPL,0.0189,,hold
F,ADBE,0.015,,hold
F,ADSK,0.0154,,hold
F,ALNY,0.0188,,hold
F,AOS,0.0181,,hold
F,APP,0.0182,,hold
F,AZO,0.0175,,hold
F,BBY,0.02,,hold
F,CL,0.0173,,hold
F,CLX,0.0159,,hold
F,CTAS,0.0181,,hold
F,CVS,0.0165,,hold
F,DECK,0.0169,,hold
F,DLTR,0.0157,,hold
F,DPZ,0.0155,,hold
F,EL,0.0171,,hold
F,ELV,0.0178,,hold
F,FAST,0.0188,,hold
F,FERG,0.0185,,hold
F,FICO,0.0144,,hold
F,FTNT,0.0194,,hold
F,GWW,0.0172,,hold
F,HAS,0.0171,,hold
F,HD,0.0166,,hold
F,IDXX,0.0172,,hold
F,INCY,0.0178,,hold
F,IT,0.018,,hold
F,ITW,0.0184,,hold
F,LLY,0.0184,,hold
F,LOW,0.0171,,hold
F,LRCX,0.0196,,hold
F,LULU,0.0155,,hold
F,MAS,0.0176,,hold
F,MTD,0.0201,,hold
F,NKE,0.017,,hold
F,NVDA,0.0187,,hold
F,ORLY,0.0177,,hold
F,P,0.0243,,hold
F,PEP,0.0168,,hold
F,PODD,0.0167,,hold
F,QCOM,0.0222,,hold
F,RDDT,0.0188,,hold
F,RL,0.0188,,hold
F,SNDK,0.021,,hold
F,STX,0.0206,,hold
F,SYY,0.0172,,hold
F,TGT,0.0174,,hold
F,TJX,0.0177,,hold
F,TPR,0.0168,,hold
F,TSCO,0.0169,,hold
F,ULTA,0.0181,,hold
F,UNH,0.0172,,hold
F,VRSN,0.018,,hold
F,WMT,0.0185,,hold
F,WSM,0.019,,hold
F,YUM,0.0166,,hold
F_dated,AAPL,0.0198,,hold
F_dated,ADBE,0.0157,,hold
F_dated,ADSK,0.0161,,hold
F_dated,AOS,0.0189,,hold
F_dated,APP,0.019,,hold
F_dated,AZO,0.0183,,hold
F_dated,BBY,0.0209,,hold
F_dated,CL,0.0181,,hold
F_dated,CLX,0.0166,,hold
F_dated,CTAS,0.0189,,hold
F_dated,CVS,0.0172,,hold
F_dated,DECK,0.0176,,hold
F_dated,DLTR,0.0164,,hold
F_dated,DPZ,0.0162,,hold
F_dated,EL,0.0179,,hold
F_dated,ELV,0.0186,,hold
F_dated,FAST,0.0196,,hold
F_dated,FERG,0.0193,,hold
F_dated,FICO,0.015,,hold
F_dated,FTNT,0.0202,,hold
F_dated,GWW,0.018,,hold
F_dated,HAS,0.0179,,hold
F_dated,HD,0.0174,,hold
F_dated,IDXX,0.018,,hold
F_dated,INCY,0.0186,,hold
F_dated,IT,0.0188,,hold
F_dated,ITW,0.0192,,hold
F_dated,LLY,0.0192,,hold
F_dated,LOW,0.0178,,hold
F_dated,LRCX,0.0204,,hold
F_dated,LULU,0.0162,,hold
F_dated,MAS,0.0184,,hold
F_dated,MTD,0.021,,hold
F_dated,NKE,0.0178,,hold
F_dated,NVDA,0.0195,,hold
F_dated,ORLY,0.0185,,hold
F_dated,PEP,0.0175,,hold
F_dated,PODD,0.0174,,hold
F_dated,QCOM,0.0232,,hold
F_dated,RDDT,0.0196,,hold
F_dated,RL,0.0197,,hold
F_dated,SNDK,0.0219,,hold
F_dated,STX,0.0215,,hold
F_dated,SYY,0.018,,hold
F_dated,TGT,0.0182,,hold
F_dated,TJX,0.0185,,hold
F_dated,TPR,0.0176,,hold
F_dated,TSCO,0.0176,,hold
F_dated,ULTA,0.0189,,hold
F_dated,UNH,0.018,,hold
F_dated,VRSN,0.0189,,hold
F_dated,WMT,0.0193,,hold
F_dated,WSM,0.0198,,hold
F_dated,YUM,0.0174,,hold
