date,A1,SPY,A2,A3,B,B_dated,C,C_stocks,C_stocks_dated,D,D_dated,E,E_dated,F,F_dated
2005,0.0007791252240294533,0.05080299547268097,0.05080299547268097,,0.18954897426850548,0.1882295073943947,0.018464285526952562,0.42159542030424135,0.17636267847474785,,,,,,
2006,0.07803426271943148,0.1584524606119595,0.13873423034498167,0.03202570420407924,0.11522184751111375,0.005929201939802731,0.11933052947695821,0.1182469153570993,0.0945222402793815,0.1253894001470317,0.046206529963481735,,,,
2007,-0.07398373423847837,0.05146271165604066,0.05822127623306428,0.12207044208897688,0.020502234240306283,0.007861692838097456,0.1310176971479975,0.28149471829838646,0.10586429568192757,0.24020980437368822,0.11685655085417257,,,,
2008,0.11243707533764935,-0.3679503444973512,0.17917333135011715,0.021691364920226386,-0.1987051880267915,-0.2260480984403529,0.025936013554815895,-0.44500480183015,-0.24981096478237153,-0.4464720567397771,-0.4060110428293906,,,,
2009,0.11973405066769494,0.2635174673290772,0.1047126378324319,0.17906982128194748,0.16121600926186574,0.12485058904162738,0.18194740298980006,-0.0558010285566235,0.12722746214467828,0.17005014504598437,0.09288352162650049,,,,
2010,-0.11203675104112187,0.15056205690129731,0.09473890562601928,0.06668797138716864,0.0024265043208748782,0.011695515086286967,0.11169338119208105,0.10592157713116945,0.10881043399181878,0.3979290509665263,0.2910742718135422,,,0.21677826233675845,0.1559672687038649
2011,-0.07060159830009549,0.01894982398967926,-0.04542789926855295,-0.016714289310118757,-0.059051457339002966,0.008614101882104874,-0.021838631708994694,-0.09217149674334302,0.03444076459690337,0.014261207675990262,-0.014975697724539883,0.004748767374758156,0.007443783031370499,0.11445466073383259,0.0819099188417507
2012,0.1270881246034048,0.1599029453613483,0.09664244606415662,0.030633962691685168,-0.09534206507541998,-0.024785767520620117,0.056931933867553575,0.09618023101666262,0.037968189831227184,0.2734699951271389,0.18866587264077173,0.015563881975767302,0.014123295929471924,0.15085453881422506,0.13507350343472746
2013,0.3230779052438162,0.3230779052438155,0.3230779052438164,-0.0015793287696275193,0.2462436285491516,0.15758886589208854,0.09838470719099823,0.5674050296892097,0.2969894370470121,0.5586209731516112,0.40241801801808297,0.2589439823139139,0.15487717367229448,0.42023618330796686,0.36378531526610147
2014,0.10961112031092957,0.13463817563336922,0.13463817563337055,0.037829648607431654,0.0036463049616921595,0.03881781361328129,0.09069781844153058,0.07727084139824392,0.14942329776451246,0.20194758835492266,0.15056747339052245,0.12738384208573827,0.09306204544667596,0.24673907642395543,0.2329476970881954
2015,-0.09638201138146418,0.012342577870789295,-0.05999795842525901,-0.055660119073054126,-0.03451432955678413,-0.03590267316251938,-0.15262539500920846,0.29756079092819454,0.2058802761744951,0.08839903938788907,0.07378295971775195,0.0228828387642821,0.01316076710029579,0.06509475654206964,0.051686567452727594
