strategy,start,end,cagr,cagr_no_costs,sharpe,sharpe_no_costs,max_dd,worst_year,turnover,win_rate,avg_hold_days,trades,exposure,total_return,total_return_no_costs,spy_cagr,spy_sharpe,spy_max_dd,gap_cagr_vs_spy,gap_sharpe_vs_spy,flags,leak_check,ew_universe_cagr,gap_cagr_vs_ew
A1,2005-10-17,2015-12-31,0.042954011794808844,0.06512234776714454,0.4033772351754763,0.5759701482835119,-0.28287568836615895,-0.11203675104112187,7.000394350109077,0.23943661971830985,36.11267605633803,71,0.9996108949416342,0.5355912520479906,0.902967525436372,0.07608405516703187,0.4599626300124387,-0.551894541662574,-0.03313004337222303,-0.0565853948369624,,pass,,
A2,2005-10-17,2015-12-31,0.10098477688738172,0.10439054406375692,0.7899779206118215,0.8138109749769203,-0.17308096735645417,-0.05999795842525901,1.028029939526508,0.9,255.4,10,0.9996108949416342,1.6674917463016872,1.752852119645803,0.07608405516703187,0.4599626300124387,-0.551894541662574,0.02490072172034985,0.3300152905993828,,pass,,
A3,2006-11-17,2015-12-31,0.0436440648509131,0.0690911360418709,0.4490998136331482,0.6717527637284317,-0.16700007179835863,-0.055660119073054126,8.034494761394651,0.22676579925650558,36.721189591078065,269,0.9995642701525055,0.47556867425379346,0.8375589479378078,0.06395936255441526,0.3964708773959483,-0.5518945416625738,-0.020315297703502155,0.05262893623719994,,pass,,
B,2005-10-17,2015-12-31,0.025909614664914482,0.20424577817514789,0.23634831109109763,1.193716944544231,-0.36013757398750756,-0.1987051880267915,53.506769515588736,0.5990825688073395,3.830091743119266,5450,0.8062554185366568,0.29806125237397296,5.655278466460717,0.07608405516703187,0.4599626300124387,-0.551894541662574,-0.05017444050211739,-0.22361431892134107,,pass,0.1502457898163423,-0.12433617515142781
B_dated,2005-10-17,2015-12-31,0.018862726575213484,0.17651846686072004,0.20164474221521148,1.2012154646896789,-0.31073778991032597,-0.2260480984403529,48.019013844868574,0.6046606704824202,3.789043336058872,4892,0.7167043087544828,0.20994881535067766,4.248016254759561,0.07608405516703187,0.4599626300124387,-0.551894541662574,-0.05722132859181839,-0.2583178877972272,,pass,0.11650980707344938,-0.0976470804982359
C,2005-04-12,2015-12-31,0.057687589953908436,0.06948419353048285,0.5813902690799141,0.6861460947519543,-0.20336790427690044,-0.15262539500920846,3.704921527789055,0.525,53.3,200,0.8013013169191446,0.8241850523145828,1.054462933318356,0.07341250087481899,0.4523855668755309,-0.5518945416625738,-0.01572491092091055,0.1290047022043832,,pass,,
C_stocks,2005-03-23,2015-12-31,0.09176084002104479,0.10586868268317629,0.5269027020936484,0.5890103906254512,-0.5929847439227991,-0.44500480183015,4.291760115216644,0.44672131147540983,53.69672131147541,244,0.9636574606149976,1.574110936387577,1.9558364290098011,0.07397744465519951,0.45547008661037375,-0.5518945416625739,0.017783395365845278,0.07143261548327468,,pass,0.15076993453067877,-0.059009094509633986
C_stocks_dated,2005-03-23,2015-12-31,0.09187528588300764,0.10488142218843466,0.5753165228328054,0.640540201038919,-0.3916190293098747,-0.24981096478237153,3.917312267679233,0.4864864864864865,58.270270270270274,222,0.9600795602937702,1.5770185155302068,1.9275404479011264,0.07397744465519951,0.45547008661037375,-0.5518945416625739,0.01789784122780813,0.11984643622243168,,pass,0.11602396433571882,-0.02414867845271118
D,2006-01-03,2015-12-31,0.12792500523814554,0.14041765463026223,0.614794959743064,0.6597921094135674,-0.5801549406499387,-0.4464720567397771,3.672702115094959,0.565798733286418,72.78465869106263,1421,0.9996027016289233,2.3279735333679445,2.7150099974988615,0.07024670298546143,0.43174218655470786,-0.5518945416625729,0.05767830225268411,0.1830527731883561,,pass,0.14202283395648263,-0.014097828718337091
D_dated,2006-01-03,2015-12-31,0.07114594026173227,0.08382339228287616,0.4127746042419926,0.4634828236378509,-0.5449594343309557,-0.4060110428293906,3.9088794532511213,0.5522540983606558,67.68954918032787,976,0.9996027016289233,0.9866946403970522,1.234441707448819,0.07024670298546143,0.43174218655470786,-0.5518945416625729,0.0008992372762708367,-0.01896758231271528,,pass,0.11026877814398062,-0.03912283788224835
E,2011-10-25,2015-12-31,0.09861069730666028,0.10585568248119537,1.2137363738972318,1.2963461455504837,-0.06115105014887723,0.004748767374758156,2.2100202185993454,0.6779279279279279,64.9391891891892,444,0.5723176583259623,0.48138803930503227,0.5226395667627859,0.14914763247006513,1.0932469329561303,-0.11910259404305767,-0.05053693516340485,0.12048944094110148,,pass,0.20363724381575987,-0.1050265465090996
E_dated,2011-10-25,2015-12-31,0.06610873260357986,0.07153007343273732,1.0688769255064836,1.1518097179459394,-0.057263150231023685,0.007443783031370499,1.7084189175325584,0.6549707602339181,64.83040935672514,342,0.44153878479472825,0.30668394958940937,0.33467455170337024,0.14914763247006513,1.0932469329561303,-0.11910259404305767,-0.08303889986648527,-0.02437000744964668,,pass,0.1806072824889311,-0.11449854988535124
F,2010-03-01,2015-12-31,0.2029836327334218,0.2055674963947849,1.2035238176558671,1.2164398915331869,-0.1930232438193782,0.06509475654206964,0.7125198981325879,0.86,335.28,50,0.9993206521739131,1.9431925363404532,1.980311355647562,0.13042281166179004,0.8566482721968773,-0.1860548806729334,0.07256082107163175,0.3468755454589898,win rate 86% above 70%,pass,0.18680808861401665,0.01617554411940514
F_dated,2010-03-01,2015-12-31,0.17066690751243407,0.17303577100044243,1.1033624644073385,1.1164572287729704,-0.18363373271604322,0.051686567452727594,0.6723413612882272,0.7804878048780488,317.4390243902439,41,0.9993206521739131,1.5103693046030098,1.5401873475389314,0.13042281166179004,0.8566482721968773,-0.1860548806729334,0.040244095850644035,0.2467141922104612,win rate 78% above 70%,pass,0.16252500880583187,0.008141898706602202
